Identifier,Polymer EntityData,,,
Entity ID,Sequence,Auth Asym ID,Entity ID,
"1AAL_1","RPDFCLEPPYTGPCKARIIRYFYNAKAGLVQTFVYGGCRAKRNNFKSAEDAMRTCGGA","A","1"
,,"B"
"1AAP_1","VREVCSEQAETGPCRAMISRWYFDVTEGKCAPFFYGGCGGNRNNFDTEEYCMAVCGSA","A","1"
,,"B"
"1B0C_1","RPDFCLEPPYTGPCKARIIRYFYNAKAGLCQTFVYGGCRAKRNNFKSAEDCMRTCGGA","A","1"
,,"B"
,,"C"
,,"D"
,,"E"
"1BHC_1","RPDFCLEPPYTGPCKARIIRYFYNAKAGLCQTFVYGGCRAKRNNFKSAEDCMRTCGGA","A","1"
,,"B"
,,"C"
,,"D"
,,"E"
,,"F"
,,"G"
,,"H"
,,"I"
,,"J"
"1BPI_1","RPDFCLEPPYTGPCKARIIRYFYNAKAGLCQTFVYGGCRAKRNNFKSAEDCMRTCGGA","A","1"
"1BPT_1","RPDFCLEPPYTGPCKARIIRYFANAKAGLCQTFVYGGCRAKRNNFKSAEDCMRTCGGA","A","1"
"1BRB_2","RPDFAGEPPYTGPCKARIIRYFYNAKAGLCQTFVYGGCRAKRNNFKSAEDCMRTAGGA","I","2"
"1BRC_2","VREVCSEQAETGPCRAMISRWYFDVTEGKCAPFFYGGCGGNRNNFDTEEYCMAVCG","I","2"
"1BTH_3","RPDFCLEPPYTGPCKARIIRYFYNAKAGLCQTFVYGGCRAKRNNFKSAEDCMRTCGGA","P","3"
,,"Q"
"1BTI_1","RPDFCLEPPYTGPCKARIIRYAYNAKAGLCQTFVYGGCRAKRNNFKSAEDCMRTCGGA","A","1"
"1BUN_2","RKRHPDCDKPPDTKICQTVVRAFYYKPSAKRCVQFRYGGCNGNGNHFKSDHLCRCECLEYR","B","2"
"1BZ5_1","RPDFCLEPPYTGPCKARIIRYFYNAKAGLCQTFVYGGCRAKRNNFKSAEDCMRTCGGA","A","1"
,,"B"
,,"C"
,,"D"
,,"E"
"1BZX_2","RPDFCLEPPYTGPCKARIIRYFYNAKAGLCQTFVYGGCRAKRNNFKSAEDCMRTCGGA","I","2"
"1CA0_4","EVCSEQAETGPCRAMISRWYFDVTEGKCAPFFYGGCGGNRNNFDTEEYCMAVCG","D","4"
,,"I"
"1CBW_4","RPDFCLEPPYTGPCKARIIRYFYNAKAGLCQTFVYGGCRAKRNNFKSAEDCMRTCGGA","D","4"
,,"I"
"1D0D_2","RPDFCLEPPYTGPCKARIIRYFYNAKAGLCQTFVYGGCRAKRNNFKSAEDCMRTCGGA","B","2"
"1DTX_1","QPRRKLCILHRNPGRCYDKIPAFYYNQKKKQCERFDWSGCGGNSNRFKTIEECRRTCIG","A","1"
"1EAW_2","RPDFCLEPPYTGPCKARIIRYFYNAKAGLCQTFVYGGCRAKRNNFKSAEDCMRTCGGA","B","2"
,,"D"
"1F5R_2","RPDFCLEPPYTGPCKARIIRYFYNAKAGLCQTFVYGGCRAKRNNFKSAEDCMRTCGGAIGPWENL","I","2"
"1F7Z_2","RPDFCLEPPYTGPCKARIIRYFYNAKAGLCQTFVYGGCRAKRNNFKSAEDCMRTCGGAIGPWENL","I","2"
"1FAK_4","APDFCLEPPYDGPCRALHLRYFYNAKAGLCQTFYYGGCLAKRNNFESAEDCMRTC","I","4"
"1FAN_1","RPDFCLEPPYTGPCKARIIRYFYNAKAGLCQTFVYGGCRAKRNNAKSAEDCMRTCGGA","A","1"
"1FY8_2","RPDFCLEPPYTGPCKARIIRYFYNAKAGLCQTFVYGGCRAKRNNFKSAEDCMRTCGGA","I","2"
"1KNT_1","ETDICKLPKDEGTCRDFILKWYYDPNTKSCARFWYGGCGGNENKFGSQKECEKVCAPV","A","1"
"1KTH_1","ETDICKLPKDEGTCRDFILKWYYDPNTKSCARFWYGGCGGNENKFGSQKECEKVCAPV","A","1"
"1MTN_4","RPDFCLEPPYTGPCKARIIRYFYNAKAGLCQTFVYGGCRAKRNNFKSAEDCMRTCGGA","D","4"
,,"H"
"1NAG_1","RPDFCLEPPYTGPCKARIIRYFYNAKAGLCQTFVYGGCRAKRGNFKSAEDCMRTCGGA","A","1"
"1TAW_2","VREVCSEQAETGPCRAMISRWYFDVTEGKCAPFFYGGCGGNRNNFDTEEYCMAVCGSA","B","2"
"1TFX_2","KPDFCFLEEDPGICRGYITRYFYNNQTKQCERFKYGGCLGNMNNFETLEECKNICEDG","C","2"
,,"D"
"1TPA_2","RPDFCLEPPYTGPCKARIIRYFYNAKAGLCQTFVYGGCRAKRNNFKSAEDCMRTCGGA","I","2"
"1Y62_1","KDRPSLCDLPADSGSGTKAEKRIYYNSARKQCLRFDYTGQGGNENNFRRTYDCQRTCLYT","A","1"
,,"B"
,,"C"
,,"D"
,,"E"
,,"F"
"1YC0_2","MKHQHQHQHQHQHQMHQTEDYCLASNKVGRCRGSFPRWYYDPTEQICKSFVYGGCLGNKNNYLREEECILACRGV","I","2"
"1YKT_2","RPDFCLEPPYTGPCKARIIRYFYNAKAGLCQTFVYGGCRAKRNNFKSAEDCMRTCG","B","2"
"1ZJD_2","EVCSEQAETGPCRAMISRWYFDVTEGKCAPFFYGGCGGNRNNFDTEEYCMAVCGSAI","B","2"
"1ZR0_2","PTGNNAEICLLPLDYGPCRALLLRYYYDRYTQSCRQFLYGGCEGNANNFYTWEACDDACWRIE","B","2"
,,"D"
"2FTL_2","RPDFCLEPPYTGPCKARIIRYFYNAKAGLCQTFVYGGCRAKRNNFKSAEDCMRTCGGA","I","2"
"2HEX_1","RPDFCLEPPYTGPCKARIIRYFYNAKAGLCQTFVYGGCRAKRNNFKSAEDCMRTCGGA","A","1"
,,"B"
,,"C"
,,"D"
,,"E"
"2IJO_3","RPDFCLEPPYTGPCKARIIRYFYNAKAGLCQTFVYGGCRAKRNNFKSAEDCMRTCGGA","I","3"
"2KAI_3","RPDFCLEPPYTGPCKARIIRYFYNAKAGLCQTFVYGGCRAKRNNFKSAEDCMRTCGGA","I","3"
"2KNT_1","ETDICKLPKDEGTCRDFILKWYYDPNTKSCARFWYGGCGGNENKFGSQKECEKVCAPV","A","1"
"2PTC_2","RPDFCLEPPYTGPCKARIIRYFYNAKAGLCQTFVYGGCRAKRNNFKSAEDCMRTCGGA","I","2"
"2R9P_2","RPDFCLEPPYTGPCKARIIRYFYNAKAGLCQTFVYGGCRAKRNNFKSAEDCMRTCGGA","I","2"
,,"E"
,,"F"
,,"G"
"2RA3_2","RPDFCLEPPYTGPCKARIIRYFYNAKAGLCQTFVYGGCRAKRNNFKSAEDCMRTCGGA","I","2"
,,"C"
"2TGP_2","RPDFCLEPPYTGPCKARIIRYFYNAKAGLCQTFVYGGCRAKRNNFKSAEDCMRTCGGA","I","2"
"2TPI_2","RPDFCLEPPYTGPCKARIIRYFYNAKAGLCQTFVYGGCRAKRNNFKSAEDCMRTCGGA","I","2"
"3BTK_2","RPDFCLEPPYTGPCKARIIRYFYNAKAGLCQTFVYGGCRAKRNNFKSAEDCMRTCGGA","I","2"
"3BYB_1","KDRPDFCELPADTGPCRVRFPSFYYNPDEKKCLEFIYGGCEGNANNFITKEECESTCAA","A","1"
,,"B"
,,"C"
"3D65_1","RPDFCELPADTGPCRVRFPSFYYNPDEKKCLEFIYGGCEGNANNFITKEECESTCAA","I","1"
"3FP6_2","RPDFCLEPPYTGPCKARIIRYFYNAKAGLCQTFVYGGCRAKRNNFKSAEDCMRTCGGA","I","2"
"3FP8_2","RPDFCLEPPYTGPCKARIIRYFYNAKAGLCQTFVYGGCRAKRNNFKSAEDCMRTCGGA","I","2"
"3GYM_2","RPDFCLEPPYTGPCKARIIRYFYNAKAGLCQTFVYGGCRAKRNNFKSAEDCMRTCGGA","I","2"
,,"J"
"3L33_2","VCSEQAETGPCRAMISRWYFDVTEGKCAPFFYGGCGGNRNNFDTEEYCMAVC","E","2"
,,"F"
,,"G"
,,"H"
"3LDI_1","RPDFCLEPPYTGPCKARIIRYFYNAKAGLCQTFVYGGCRAKRNNFKSAEDCMRTCGGA","A","1"
,,"B"
,,"C"
,,"D"
,,"E"
"3LDJ_1","RPDFCLEPPYTGPCKARIIRYFYNAKAGLCQTFVYGGCRAKRNNFKSAEDCMRTCGGA","A","1"
,,"B"
,,"C"
"3LDM_1","RPDFCLEPPYTGPCKARIIRYFYNAKAGLCQTFVYGGCRAKRNNFKSAEDCMRTCGGA","A","1"
,,"B"
,,"C"
,,"D"
,,"E"
"3M7Q_2","EAEASICSEPKKVGRCKGYFPRFYFDSETGKCTPFIYGGCGGNGNNFETLHQCRAICRALG","B","2"
"3OFW_1","EAEASICSEPKKVGRCKGYFPRFYFDSETGKCTPFIYGGCGGNGNNFETLHQCRAICRLG","A","1"
"3OTJ_2","RPDFCLEPPYTGPCKARIIRYFYNAKAGLCQTFVYGGCRAKRNNFKSAEDCMRTCGGA","I","2"
"3T62_2","SICSEPKKVGRCKGYFPRFYFDSETGKCTPFIYGGCGGNGNNFETLHQCRAICR","D","2"
,,"E"
,,"F"
"3TGI_2","RPDFCLEPPYTGPCKARIIRYFYNAKAGLCQTFVYGGCRAKRNNFKSAEDCMRTCGGAIGPWENL","I","2"
"3TGJ_2","RPDFCLEPPYTGPCKARIIRYFYNAKAGLCQTFVYGGCRAKRNNFKSAEDCMRTCGGAIGPWENL","I","2"
"3TGK_2","RPDFCLEPPYTGPCKARIIRYFYNAKAGLCQTFVYGGCRAKRNNFKSAEDCMRTCGGAIGPWENL","I","2"
"3TPI_2","RPDFCLEPPYTGPCKARIIRYFYNAKAGLCQTFVYGGCRAKRNNFKSAEDCMRTCGGA","I","2"
"3U1J_3","RPDFCLEPPYTGPCKARIIRYFYNAKAGLCQTFVYGGCRAKRNNFKSAEDCMRTCGGA","E","3"
"3UIR_2","KDRPDFCELPADTGPCRVRFPSFYYNPDEKKCLEFIYGGCEGNANNFITKEECESTCAA","C","2"
,,"D"
"3WNY_1","RPAFCLEPPYAGPGKARIIRYFYNAKAGAAQAFVYGGVRAKRNNFASAADALAACAAAGGKKK","A","1"
,,"C"
,,"E"
,,"G"
,,"B"
,,"F"
,,"H"
,,"I"
"4BQD_1","DSEEDEEHTIITDTELPPLKLMHSFCAFKADDGPCKAIMKRFFFNIFTRQCEEFIYGGCEGNQNRFESLEECKKMCTRD","A","1"
,,"B"
"4DG4_2","RPDFCLEPPYTGPCKARIIRYFYNAKAGLCQTFVYGGCRAKRNNFKSAEDCMRTCGGA","E","2"
,,"C"
,,"F"
,,"H"
"4DTG_3","QEKPDFCFLEEDPGICRGYITRYFYNNQTKQCERFKYGGCLGNMNNFETLEECKNICEDGHHHHHH","K","3"
"4ISL_1","QTEDYCLASNKVGRCRGSFPRWYYDPTEQICKSFVYGGCLGNKNNYLREEECILACRGVQ","B","1"
"4ISN_1","QTEDYCLASNKVGRCRGSFPRWYYDPTEQICKSFVYGGCLGNKNNYLREEECILACRGVQGP","B","1"
"4ISO_2","QTEDYCLASNKVGRCRGSFPRWYYDPTEQICKSFVYGGCLGNKNNYLREEECILACRGVQ","B","2"
"4NTW_2","QIRPAFCYEDPPFFQKCGAFVDSYYFNRSRITCVHFFYGQCDVNQNHFTTMSECNRVCHG","B","2"
"4NTX_2","QIRPAFCYEDPPFFQKCGAFVDSYYFNRSRITCVHFFYGQCDVNQNHFTTMSECNRVCHG","B","2"
"4NTY_2","QIRPAFCYEDPPFFQKCGAFVDSYYFNRSRITCVHFFYGQCDVNQNHFTTMSECNRVCHG","B","2"
"4PTI_1","RPDFCLEPPYTGPCKARIIRYFYNAKAGLCQTFVYGGCRAKRNNFKSAEDCMRTCGGA","A","1"
"4TPI_2","RPDFCLEPPYTGPCRARIIRYFYNAKAGLCQTFVYGGCRAKRNNFKSAEDCMRTCGGA","I","2"
"4U30_2","TVAACANLPIVRGPCRAFIQLWAFDAVKGKCVLFPYGGCQGNGNKFYSEKECREYCGVP","X","2"
,,"Y"
,,"Z"
,,"W"
"4U32_1","IHDFCLVSKVVGRCRASMPRWWYNVTDGSCQLFVYGGCDGNSNNYLTKEECLKKC","X","1"
"4WWY_2","RPDFCLEPPYTGPCKARIIRYFYNAKAGLCQTFVYGGCRAKRNNFKSAEDCMRTCGGA","C","2"
,,"I"
"4WXV_2","RPDFCLEPPYTGPCKARIIRYFYNAKAGLCQTFVYGGCRAKRNNFKSAEDCMRTC","C","2"
,,"I"
"4Y0Y_2","RPDFCLEPPYTGPCKARIIRYFYNAKAGLCQTFVYGGCRAKRNNFKSAEDCMRTCGGA","I","2"
"5M4V_1","RPSFCNLPVKPGPCKAFFSAFYYSQKTNKCHSFTYGGCKGNANRFSTLEKCRRTCVG","A","1"
"5NX1_3","AMISRWYFDVTEGKCAPFFYGGCGGNRNNFDTEEYCMAVCGSAIPRHHHHHHAAAN","D","3"
"5NX3_3","ALFFRWYFDVTEGKCAPFVYGGCGGNRNNFDTEEYCMAVCGSAIPRHHHHHHAAAN","D","3"
"5PTI_1","RPDFCLEPPYTGPCKARIIRYFYNAKAGLCQTFVYGGCRAKRNNFKSAEDCMRTCGGA","A","1"
"5YV7_1","WQPPWYCKEPVRIGSCKKQFSSFYFKWTAKKCLPFLFSGCGGNANRFQTIGECRKKCLGK","A","1"
"5YVU_3","RPDFCLEPPYTGPCKARIIRYFYNAKAGLCQTFVYGGCRAKRNNFKSAEDCMRTC","I","3"
"5YW1_3","RPDFCLEPPYTGPCKARMIRYFYNAKAGLCQPFVYGGCRAKRNNFKSSEDCMRTC","I","3"
"5ZJ3_1","KDRPDFCELPADTGPCRVRFPSFYYNPDEKKCLEFIYGGCEGNANNFITKEECESTCAA","A","1"
,,"B"
,,"C"
"6F1F_1","RPDFCLEPPYTGPCKARIIRYFYNAKAGLCQTFVYGGCRAKRNNFKSAEDCMRTCGGA","A","1"
,,"B"
,,"C"
,,"D"
,,"E"
"6KZF_1","WQPPWYAKEPVRIGSCKKQFSSFYFKWTAKKCLPFLFSGCGGNANRFQTIGECRKKCLGK","A","1"
"6PTI_1","RPDFCLEPPYTGPCKARIIRYFYNAKAGLCQTFVYGGCRAKRNNFKSAEDCMRTCGGA","A","1"
"6Q61_1","KDRPSLCDLPADSGSGTKAEKRIYYNSARKQCLRFDYTGQGGNENNFRRTYDCARTCLYTA","A","1"
"6YHY_1","DRPSYCNLPADSGSGTKSEQRIYYNSARKQCLTFTYNGQGGNENNFRRTYDCRRTCQYP","A","1"
,,"B"
"7PH1_2","PDFCLEPPYTGPCXARIIRYFYNAKAGLCQTFVYGGCRAKRNNFKSAEDCMRTCGGA","I","2"
"7PTI_1","RPDFCLEPPYTGPCKARIIRYFYNAKAGLAQTFVYGGCRAKRNNFKSAEDAMRTCGGA","A","1"
"8PTI_1","RPDFCLEPPYTGPCKARIIRYFYNAKAGLCQTFVGGGCRAKRNNFKSAEDCMRTCGGA","A","1"
"9PTI_1","RPDFCLEPPYTGPCKARIIRYFYNAKAGLCQTFVYGGCRAKRNNFKSAEDCMRTCGGA","A","1"
